,surface_area,compactness,bb_volume,diameter,eccentricity
mean,1.9816889126218158,-0.5863139725963917,0.22112869289547402,0.3448424401569948,71.26911046810804
sd,2.6999768251516225,0.6456866664751829,0.19338443583958564,0.23875414692939198,109.52368605360245
min,0.39570115927985305,-1.0,0.031181956218699822,0.05554080342032093,2.9700266233256114
max,9.891829286700425,0.7048765781249912,0.633997712276908,0.7958581576592929,337.1997204677369
