,surface_area,compactness,bb_volume,diameter,eccentricity
mean,3.4724104247686816,0.5095491830414348,1.4200322331627633,0.6923025927933546,18.492029520067273
sd,2.3676065078464292,0.15481810961656925,0.8847123246147501,0.3281251845357385,25.38437548368009
min,0.024015347045876833,0.18326205920894104,0.00027403899013366163,0.03770430008410883,1.2404188742328737
max,12.477987278992122,0.8804515423137433,4.69573174516305,1.4976362258303206,251.24449525370667
