,surface_area,compactness,bb_volume,diameter,eccentricity
mean,1.359305410387606,0.07826424589514411,0.30291847998393023,0.4117892944747572,30.732535717345748
sd,0.9450023725995267,0.7193135909960788,0.22728334450749738,0.23909998596509,44.57091004707965
min,0.465921752916074,-1.0,0.009048227912270597,0.06633864859525798,1.375087157711768
max,3.554149946835746,0.8093444143467813,0.6525777381740696,0.7998916058096781,150.6366745364223
