,surface_area,compactness,bb_volume,diameter,eccentricity
mean,1.4365688341873275,0.26282577723483425,0.5248352411368886,0.6158238768868968,7.613107115519397
sd,0.8357672039094127,0.044263573705874845,0.2775717871812296,0.1916503234344385,0.2673763839792267
min,0.6008016302779147,0.21856220352895941,0.24726345395565907,0.4241735534524583,7.34573073154017
max,2.27233603809674,0.3070893509407091,0.8024070283181183,0.8074742003213353,7.880483499498624
