,surface_area,compactness,bb_volume,diameter,eccentricity
mean,1.202120074760255,0.509549183041435,0.29404588926510855,0.4102052815506182,18.492029520067273
sd,0.872456104906466,0.15481810961656925,0.20620414728562197,0.20878969234143027,25.384375483680078
min,0.12802741308137874,0.183262059208941,0.008881848592123988,0.06223770062571726,1.2404188742328732
max,4.116139388365292,0.8804515423137433,0.9851833785284504,0.9892714042775627,251.24449525370656
